metric,value
total_records,100
valid_records,96
invalid_records,4
invalid_malformed_row,0
invalid_ticket_id_missing,0
invalid_ticket_id_invalid,0
invalid_ticket_id_duplicate,0
invalid_date_missing,0
invalid_date_invalid,0
invalid_client_company_missing,1
invalid_category_invalid,1
invalid_description_invalid,0
invalid_agent_id_invalid,0
invalid_status_invalid,0
invalid_email_invalid,1
invalid_closed_score_missing,1
invalid_score_invalid,0
category_technical_count,28
category_technical_percent,29.2%
category_billing_count,18
category_billing_percent,18.8%
category_access_count,21
category_access_percent,21.9%
category_hr_query_count,17
category_hr_query_percent,17.7%
category_complaint_count,12
category_complaint_percent,12.5%
status_open_count,27
status_open_percent,28.1%
status_closed_count,56
status_closed_percent,58.3%
status_discarded_count,13
status_discarded_percent,13.5%
closed_tickets,56
scored_closed_tickets,56
average_satisfaction,3.84
satisfaction_score_1_count,2
satisfaction_score_2_count,5
satisfaction_score_3_count,10
satisfaction_score_4_count,22
satisfaction_score_5_count,17
